{
  "channels": [
    [
      "BHE",
      "",
      "BHE",
      "",
      {
        "dt": 0.05,
        "maxlag": 200,
        "dist": 350.76910400390625,
        "azi": 116.77445220947266,
        "baz": 298.68212890625,
        "lonS": -118.83009338378906,
        "latS": 35.12689971923828,
        "lonR": -115.45365905761719,
        "latR": 33.6551513671875,
        "ngood": 188,
        "cc_method": "xcorr",
        "time": 1644019200.0,
        "substack": false,
        "comp": "EE"
      }
    ],
    [
      "BHE",
      "",
      "BHN",
      "",
      {
        "dt": 0.05,
        "maxlag": 200,
        "dist": 350.76910400390625,
        "azi": 116.77445220947266,
        "baz": 298.68212890625,
        "lonS": -118.83009338378906,
        "latS": 35.12689971923828,
        "lonR": -115.45365905761719,
        "latR": 33.6551513671875,
        "ngood": 188,
        "cc_method": "xcorr",
        "time": 1644019200.0,
        "substack": false,
        "comp": "EN"
      }
    ],
    [
      "BHE",
      "",
      "BHZ",
      "",
      {
        "dt": 0.05,
        "maxlag": 200,
        "dist": 350.76910400390625,
        "azi": 116.77445220947266,
        "baz": 298.68212890625,
        "lonS": -118.83009338378906,
        "latS": 35.12689971923828,
        "lonR": -115.45365905761719,
        "latR": 33.6551513671875,
        "ngood": 188,
        "cc_method": "xcorr",
        "time": 1644019200.0,
        "substack": false,
        "comp": "EZ"
      }
    ],
    [
      "BHN",
      "",
      "BHE",
      "",
      {
        "dt": 0.05,
        "maxlag": 200,
        "dist": 350.76910400390625,
        "azi": 116.77445220947266,
        "baz": 298.68212890625,
        "lonS": -118.83009338378906,
        "latS": 35.12689971923828,
        "lonR": -115.45365905761719,
        "latR": 33.6551513671875,
        "ngood": 188,
        "cc_method": "xcorr",
        "time": 1644019200.0,
        "substack": false,
        "comp": "NE"
      }
    ],
    [
      "BHN",
      "",
      "BHN",
      "",
      {
        "dt": 0.05,
        "maxlag": 200,
        "dist": 350.76910400390625,
        "azi": 116.77445220947266,
        "baz": 298.68212890625,
        "lonS": -118.83009338378906,
        "latS": 35.12689971923828,
        "lonR": -115.45365905761719,
        "latR": 33.6551513671875,
        "ngood": 188,
        "cc_method": "xcorr",
        "time": 1644019200.0,
        "substack": false,
        "comp": "NN"
      }
    ],
    [
      "BHN",
      "",
      "BHZ",
      "",
      {
        "dt": 0.05,
        "maxlag": 200,
        "dist": 350.76910400390625,
        "azi": 116.77445220947266,
        "baz": 298.68212890625,
        "lonS": -118.83009338378906,
        "latS": 35.12689971923828,
        "lonR": -115.45365905761719,
        "latR": 33.6551513671875,
        "ngood": 188,
        "cc_method": "xcorr",
        "time": 1644019200.0,
        "substack": false,
        "comp": "NZ"
      }
    ],
    [
      "BHZ",
      "",
      "BHE",
      "",
      {
        "dt": 0.05,
        "maxlag": 200,
        "dist": 350.76910400390625,
        "azi": 116.77445220947266,
        "baz": 298.68212890625,
        "lonS": -118.83009338378906,
        "latS": 35.12689971923828,
        "lonR": -115.45365905761719,
        "latR": 33.6551513671875,
        "ngood": 188,
        "cc_method": "xcorr",
        "time": 1644019200.0,
        "substack": false,
        "comp": "ZE"
      }
    ],
    [
      "BHZ",
      "",
      "BHN",
      "",
      {
        "dt": 0.05,
        "maxlag": 200,
        "dist": 350.76910400390625,
        "azi": 116.77445220947266,
        "baz": 298.68212890625,
        "lonS": -118.83009338378906,
        "latS": 35.12689971923828,
        "lonR": -115.45365905761719,
        "latR": 33.6551513671875,
        "ngood": 188,
        "cc_method": "xcorr",
        "time": 1644019200.0,
        "substack": false,
        "comp": "ZN"
      }
    ],
    [
      "BHZ",
      "",
      "BHZ",
      "",
      {
        "dt": 0.05,
        "maxlag": 200,
        "dist": 350.76910400390625,
        "azi": 116.77445220947266,
        "baz": 298.68212890625,
        "lonS": -118.83009338378906,
        "latS": 35.12689971923828,
        "lonR": -115.45365905761719,
        "latR": 33.6551513671875,
        "ngood": 188,
        "cc_method": "xcorr",
        "time": 1644019200.0,
        "substack": false,
        "comp": "ZZ"
      }
    ]
  ],
  "version": 1.0
}
